time_stamp,disease_name,agent_id,agent_profession,agent_location,agent_node_id,current_state,next_state
24735,covid,2459,salaryman_outside_city,home,10024546755_centroid,asymptomatic,recovered
34045,covid,1160,university_student,workplace,3511813008_centroid,asymptomatic,symptomatic
64125,covid,3150,salaryman_outside_city,home,1582706247_centroid,exposed,asymptomatic
73055,covid,804,university_student,workplace,5411247939_centroid,asymptomatic,symptomatic
76715,covid,3278,retailer,home,2598219057_centroid,asymptomatic,recovered
77110,covid,2682,salaryman_outside_city,home,7961280466_centroid,exposed,asymptomatic
84225,covid,2844,salaryman_outside_city,home,4262901237_centroid,exposed,asymptomatic
88310,covid,603,university_student,home,3135426908_centroid,asymptomatic,recovered
94460,covid,2504,salaryman_outside_city,home,5411247706_centroid,exposed,asymptomatic
95025,covid,2842,salaryman_outside_city,home,10024546773_centroid,exposed,asymptomatic
98775,covid,2970,salaryman_outside_city,home,5438756787_centroid,asymptomatic,symptomatic
104535,covid,2504,salaryman_outside_city,home,5411247706_centroid,asymptomatic,symptomatic
104785,covid,2504,salaryman_outside_city,home,5411247706_centroid,symptomatic,recovered
105165,covid,2682,salaryman_outside_city,road,2486658981,asymptomatic,symptomatic
107340,covid,2734,salaryman_outside_city,home,2601271323_centroid,exposed,asymptomatic
107775,covid,2492,salaryman_outside_city,home,3390873198_centroid,exposed,asymptomatic
111125,covid,2951,salaryman_outside_city,home,3389130390_centroid,exposed,asymptomatic
112610,covid,2992,salaryman_outside_city,home,10024546767_centroid,exposed,asymptomatic
114160,covid,3071,salaryman_outside_city,home,3389130640_centroid,exposed,asymptomatic
122335,covid,3150,salaryman_outside_city,workplace,1475464726_centroid,asymptomatic,symptomatic
123345,covid,3026,salaryman_outside_city,workplace,1475464726_centroid,asymptomatic,recovered
131070,covid,1915,university_student,workplace,5621237718_centroid,exposed,asymptomatic
133105,covid,2507,salaryman_outside_city,workplace,1475464726_centroid,exposed,asymptomatic
133175,covid,3091,salaryman_outside_city,workplace,1475464726_centroid,exposed,asymptomatic
134360,covid,2507,salaryman_outside_city,workplace,1475464726_centroid,asymptomatic,recovered
136555,covid,2602,salaryman_outside_city,workplace,1475464726_centroid,exposed,asymptomatic
138905,covid,3447,retailer,home,2601271503_centroid,asymptomatic,recovered
141870,covid,3175,salaryman_outside_city,workplace,1475464726_centroid,exposed,asymptomatic
143020,covid,3068,salaryman_outside_city,workplace,1475464726_centroid,exposed,asymptomatic
145190,covid,2833,salaryman_outside_city,workplace,1475464726_centroid,exposed,asymptomatic
145530,covid,2587,salaryman_outside_city,workplace,1475464726_centroid,exposed,asymptomatic
149125,covid,2663,salaryman_outside_city,workplace,1475464726_centroid,exposed,asymptomatic
149520,covid,2902,salaryman_outside_city,workplace,1475464726_centroid,exposed,asymptomatic
150620,covid,2992,salaryman_outside_city,workplace,1475464726_centroid,asymptomatic,symptomatic
154305,covid,2773,salaryman_outside_city,home,3803522786_centroid,exposed,asymptomatic
154680,covid,506,university_student,road,5438756779,exposed,asymptomatic
155575,covid,2514,salaryman_outside_city,home,5911244597_centroid,exposed,asymptomatic
155955,covid,3091,salaryman_outside_city,road,7481829057,asymptomatic,recovered
157575,covid,2452,salaryman_outside_city,home,2598218879_centroid,exposed,asymptomatic
158610,covid,2844,salaryman_outside_city,home,4262901237_centroid,asymptomatic,symptomatic
162140,covid,2519,salaryman_outside_city,home,4328964703_centroid,exposed,asymptomatic
163625,covid,2734,salaryman_outside_city,home,2601271323_centroid,asymptomatic,symptomatic
163755,covid,3220,salaryman_outside_city,home,3389130803_centroid,exposed,asymptomatic
166430,covid,2608,salaryman_outside_city,home,2602579609_centroid,exposed,asymptomatic
166470,covid,3030,salaryman_outside_city,home,5285312132_centroid,exposed,asymptomatic
170525,covid,1696,university_student,home,3901330678_centroid,exposed,asymptomatic
172480,covid,3030,salaryman_outside_city,home,5285312132_centroid,asymptomatic,recovered
173245,covid,1160,university_student,home,5911244695_centroid,symptomatic,recovered
174080,covid,2808,salaryman_outside_city,home,5438757127_centroid,exposed,asymptomatic
176350,covid,2602,salaryman_outside_city,home,7961286690_centroid,asymptomatic,symptomatic
176960,covid,2850,salaryman_outside_city,home,5555652813_centroid,exposed,asymptomatic
178885,covid,2461,salaryman_outside_city,home,7183789931_centroid,exposed,asymptomatic
179330,covid,2859,salaryman_outside_city,home,2601271426_centroid,exposed,asymptomatic
179470,covid,1915,university_student,home,4262901237_centroid,asymptomatic,symptomatic
179490,covid,2902,salaryman_outside_city,home,2986816506_centroid,asymptomatic,recovered
180460,covid,3068,salaryman_outside_city,home,5297201503_centroid,asymptomatic,symptomatic
180495,covid,2457,salaryman_outside_city,home,1582706148_centroid,exposed,asymptomatic
181915,covid,2626,salaryman_outside_city,home,2598219047_centroid,asymptomatic,symptomatic
184310,covid,2950,salaryman_outside_city,home,4801751320_centroid,exposed,asymptomatic
184435,covid,2624,salaryman_outside_city,home,2602579510_centroid,exposed,asymptomatic
184875,covid,2569,salaryman_outside_city,home,7706898857_centroid,exposed,asymptomatic
186415,covid,3036,salaryman_outside_city,home,5409248372_centroid,exposed,asymptomatic
189095,covid,3046,salaryman_outside_city,home,3514520490_centroid,exposed,asymptomatic
192550,covid,804,university_student,home,5911244711_centroid,symptomatic,recovered
194080,covid,2702,salaryman_outside_city,home,2602578945_centroid,exposed,asymptomatic
196205,covid,2951,salaryman_outside_city,home,3389130390_centroid,asymptomatic,symptomatic
198295,covid,2457,salaryman_outside_city,home,1582706148_centroid,asymptomatic,recovered
198735,covid,2608,salaryman_outside_city,home,2602579609_centroid,asymptomatic,symptomatic
198980,covid,2472,salaryman_outside_city,home,5485723797_centroid,exposed,asymptomatic
200570,covid,2663,salaryman_outside_city,home,2602579865_centroid,asymptomatic,symptomatic
202035,covid,2702,salaryman_outside_city,home,2602578945_centroid,asymptomatic,recovered
210890,covid,2624,salaryman_outside_city,workplace,1475464726_centroid,asymptomatic,symptomatic
211285,covid,2624,salaryman_outside_city,workplace,1475464726_centroid,symptomatic,severe
211755,covid,2873,salaryman_outside_city,workplace,1475464726_centroid,exposed,asymptomatic
216175,covid,2969,salaryman_outside_city,road,8223843538,exposed,asymptomatic
216730,covid,2808,salaryman_outside_city,home,5438757127_centroid,asymptomatic,symptomatic
217405,covid,2672,salaryman_outside_city,home,3514521014_centroid,exposed,asymptomatic
217470,covid,3068,salaryman_outside_city,home,5297201503_centroid,symptomatic,recovered
220065,covid,506,university_student,workplace,5621237718_centroid,asymptomatic,symptomatic
224085,covid,2452,salaryman_outside_city,workplace,1475464726_centroid,asymptomatic,symptomatic
225560,covid,2716,salaryman_outside_city,workplace,1475464726_centroid,exposed,asymptomatic
225930,covid,3148,salaryman_outside_city,workplace,1475464726_centroid,exposed,asymptomatic
231500,covid,3148,salaryman_outside_city,workplace,1475464726_centroid,asymptomatic,symptomatic
232995,covid,2514,salaryman_outside_city,workplace,1475464726_centroid,asymptomatic,symptomatic
233840,covid,2900,salaryman_outside_city,workplace,1475464726_centroid,exposed,asymptomatic
236710,covid,506,university_student,workplace,5621237718_centroid,symptomatic,severe
240160,covid,2040,university_student,workplace,3251662413_centroid,exposed,asymptomatic
240765,covid,3138,salaryman_outside_city,home,5438757152_centroid,exposed,asymptomatic
241570,covid,2665,salaryman_outside_city,workplace,1475464726_centroid,exposed,asymptomatic
244175,covid,2799,salaryman_outside_city,road,6815010757,exposed,asymptomatic
244340,covid,4328,salaryman,retail,5400722247_centroid,exposed,asymptomatic
245125,covid,2672,salaryman_outside_city,workplace,1475464726_centroid,asymptomatic,symptomatic
246895,covid,3132,salaryman_outside_city,workplace,1475464726_centroid,exposed,asymptomatic
247175,covid,3174,salaryman_outside_city,workplace,1475464726_centroid,exposed,asymptomatic
248115,covid,3023,salaryman_outside_city,road,5177614005_centroid_entry,exposed,asymptomatic
248310,covid,2456,salaryman_outside_city,road,9774289399,exposed,asymptomatic
250880,covid,2900,salaryman_outside_city,home,2598218875_centroid,asymptomatic,recovered
252145,covid,2461,salaryman_outside_city,home,7183789931_centroid,asymptomatic,symptomatic
253170,covid,3150,salaryman_outside_city,home,1582706247_centroid,symptomatic,recovered
253715,covid,4827,restaurant_worker,workplace,5532524080_centroid,exposed,asymptomatic
254280,covid,3074,salaryman_outside_city,road,3854132291,exposed,asymptomatic
254550,covid,3176,salaryman_outside_city,home,6947448702_centroid,exposed,asymptomatic
255975,covid,2761,salaryman_outside_city,home,1582921706_centroid,exposed,asymptomatic
256165,covid,2858,salaryman_outside_city,road,10033360503,exposed,asymptomatic
256585,covid,3175,salaryman_outside_city,home,3803522786_centroid,asymptomatic,recovered
259530,covid,2539,salaryman_outside_city,home,2601271411_centroid,exposed,asymptomatic
260950,covid,3113,salaryman_outside_city,home,5409247087_centroid,exposed,asymptomatic
265885,covid,2989,salaryman_outside_city,home,5598068276_centroid,exposed,asymptomatic
266790,covid,4328,salaryman,home,2601271134_centroid,asymptomatic,symptomatic
267635,covid,3173,salaryman_outside_city,home,7961519290_centroid,exposed,asymptomatic
271510,covid,3001,salaryman_outside_city,home,6021043832_centroid,exposed,asymptomatic
272315,covid,3036,salaryman_outside_city,home,5409248372_centroid,asymptomatic,recovered
273090,covid,3096,salaryman_outside_city,home,5406601599_centroid,exposed,asymptomatic
274095,covid,1301,university_student,home,5555652813_centroid,exposed,asymptomatic
275250,covid,2761,salaryman_outside_city,home,1582921706_centroid,asymptomatic,symptomatic
276020,covid,3023,salaryman_outside_city,home,5598068532_centroid,asymptomatic,symptomatic
277235,covid,2833,salaryman_outside_city,home,5598068574_centroid,asymptomatic,symptomatic
277545,covid,2572,salaryman_outside_city,home,3803369238_centroid,exposed,asymptomatic
277750,covid,3096,salaryman_outside_city,home,5406601599_centroid,asymptomatic,symptomatic
279100,covid,2522,salaryman_outside_city,home,2598218982_centroid,exposed,asymptomatic
279400,covid,3220,salaryman_outside_city,home,3389130803_centroid,asymptomatic,symptomatic
281260,covid,2749,salaryman_outside_city,home,10024546830_centroid,exposed,asymptomatic
283300,covid,3132,salaryman_outside_city,home,5598067410_centroid,asymptomatic,symptomatic
283590,covid,2761,salaryman_outside_city,home,1582921706_centroid,symptomatic,recovered
286310,covid,2716,salaryman_outside_city,home,5273261029_centroid,asymptomatic,symptomatic
287750,covid,3053,salaryman_outside_city,home,5598068446_centroid,exposed,asymptomatic
288020,covid,3047,salaryman_outside_city,road,9941564219_centroid_entry,exposed,asymptomatic
288385,covid,3174,salaryman_outside_city,home,7961519362_centroid,asymptomatic,recovered
288965,covid,3149,salaryman_outside_city,road,600393882,exposed,asymptomatic
289180,covid,3071,salaryman_outside_city,road,1435111620,asymptomatic,recovered
289270,covid,2961,salaryman_outside_city,road,3854132293,exposed,asymptomatic
289935,covid,3053,salaryman_outside_city,road,1573621356_centroid_entry,asymptomatic,symptomatic
289950,covid,2734,salaryman_outside_city,home,2601271323_centroid,symptomatic,recovered
290715,covid,506,university_student,hospital,1575489985_centroid,severe,recovered
290990,covid,3074,salaryman_outside_city,restaurant,9811016375_centroid,asymptomatic,symptomatic
291300,covid,2833,salaryman_outside_city,home,5598068574_centroid,symptomatic,recovered
292010,covid,2754,salaryman_outside_city,home,5555654183_centroid,exposed,asymptomatic
292465,covid,3613,retailer,home,5409247119_centroid,exposed,asymptomatic
292970,covid,2539,salaryman_outside_city,workplace,1475464726_centroid,asymptomatic,recovered
294240,covid,2572,salaryman_outside_city,workplace,1475464726_centroid,asymptomatic,symptomatic
294355,covid,2842,salaryman_outside_city,workplace,1475464726_centroid,asymptomatic,symptomatic
294875,covid,3146,salaryman_outside_city,workplace,1475464726_centroid,exposed,asymptomatic
296375,covid,2859,salaryman_outside_city,workplace,1475464726_centroid,asymptomatic,recovered
298375,covid,3173,salaryman_outside_city,workplace,1475464726_centroid,asymptomatic,symptomatic
299495,covid,4328,salaryman,home,2601271134_centroid,symptomatic,severe
302260,covid,3146,salaryman_outside_city,workplace,1475464726_centroid,asymptomatic,symptomatic
305030,covid,2040,university_student,workplace,3251662413_centroid,asymptomatic,symptomatic
305470,covid,3149,salaryman_outside_city,workplace,1475464726_centroid,asymptomatic,symptomatic
305630,covid,2767,salaryman_outside_city,workplace,1475464726_centroid,exposed,asymptomatic
306890,covid,3003,salaryman_outside_city,workplace,1475464726_centroid,exposed,asymptomatic
307695,covid,2766,salaryman_outside_city,workplace,1475464726_centroid,exposed,asymptomatic
307705,covid,3138,salaryman_outside_city,home,5438757152_centroid,asymptomatic,symptomatic
307820,covid,3113,salaryman_outside_city,workplace,1475464726_centroid,asymptomatic,symptomatic
309200,covid,3049,salaryman_outside_city,workplace,1475464726_centroid,exposed,asymptomatic
312585,covid,1301,university_student,workplace,5680624501_centroid,asymptomatic,symptomatic
312635,covid,2677,salaryman_outside_city,workplace,1475464726_centroid,exposed,asymptomatic
314020,covid,2724,salaryman_outside_city,workplace,1475464726_centroid,exposed,asymptomatic
316430,covid,3148,salaryman_outside_city,home,2601271134_centroid,symptomatic,severe
317170,covid,3054,salaryman_outside_city,workplace,1475464726_centroid,exposed,asymptomatic
319800,covid,2860,salaryman_outside_city,workplace,1475464726_centroid,exposed,asymptomatic
319875,covid,3133,salaryman_outside_city,workplace,1475464726_centroid,exposed,asymptomatic
320440,covid,3046,salaryman_outside_city,workplace,1475464726_centroid,asymptomatic,recovered
321500,covid,3195,salaryman_outside_city,workplace,1475464726_centroid,exposed,asymptomatic
322455,covid,2868,salaryman_outside_city,workplace,1475464726_centroid,exposed,asymptomatic
323290,covid,2454,salaryman_outside_city,restaurant,5532524084_centroid,exposed,asymptomatic
323580,covid,2889,salaryman_outside_city,home,9771965655_centroid,exposed,asymptomatic
323790,covid,3001,salaryman_outside_city,road,1435124437,asymptomatic,recovered
324930,covid,3059,salaryman_outside_city,home,2598219217_centroid,exposed,asymptomatic
325625,covid,2522,salaryman_outside_city,workplace,1475464726_centroid,asymptomatic,symptomatic
326115,covid,2557,salaryman_outside_city,home,5555654021_centroid,exposed,asymptomatic
328075,covid,102,student,restaurant,4834217540_centroid,asymptomatic,recovered
328385,covid,3059,salaryman_outside_city,home,2598219217_centroid,asymptomatic,symptomatic
329655,covid,2716,salaryman_outside_city,home,5273261029_centroid,symptomatic,severe
330240,covid,2724,salaryman_outside_city,home,5525081307_centroid,asymptomatic,symptomatic
332395,covid,2984,salaryman_outside_city,workplace,1475464726_centroid,exposed,asymptomatic
332510,covid,2850,salaryman_outside_city,home,5555652813_centroid,asymptomatic,symptomatic
332955,covid,3031,salaryman_outside_city,home,5532522904_centroid,exposed,asymptomatic
333120,covid,2476,salaryman_outside_city,workplace,1475464726_centroid,exposed,asymptomatic
333735,covid,3015,salaryman_outside_city,home,5411247709_centroid,exposed,asymptomatic
334075,covid,2779,salaryman_outside_city,home,7961280478_centroid,exposed,asymptomatic
334445,covid,2587,salaryman_outside_city,home,1479161211_centroid,asymptomatic,recovered
336275,covid,3054,salaryman_outside_city,home,5532524088_centroid,asymptomatic,symptomatic
337765,covid,3029,salaryman_outside_city,home,3389130351_centroid,exposed,asymptomatic
339360,covid,2651,salaryman_outside_city,home,5285312132_centroid,exposed,asymptomatic
340005,covid,3040,salaryman_outside_city,home,5409247079_centroid,exposed,asymptomatic
340385,covid,2180,teacher,home,2598219078_centroid,exposed,asymptomatic
341020,covid,3146,salaryman_outside_city,home,5379617432_centroid,symptomatic,recovered
341605,covid,3006,salaryman_outside_city,home,6161063345_centroid,exposed,asymptomatic
344620,covid,3133,salaryman_outside_city,home,1573909770_centroid,asymptomatic,symptomatic
348190,covid,3084,salaryman_outside_city,home,3975269467_centroid,exposed,asymptomatic
349035,covid,2471,salaryman_outside_city,home,5411247915_centroid,exposed,asymptomatic
349080,covid,3084,salaryman_outside_city,home,3975269467_centroid,asymptomatic,recovered
350080,covid,3169,salaryman_outside_city,home,5438757127_centroid,exposed,asymptomatic
350345,covid,3056,salaryman_outside_city,road,5911244601_centroid_entry,exposed,asymptomatic
350400,covid,2767,salaryman_outside_city,home,5379617440_centroid,asymptomatic,recovered
350630,covid,2677,salaryman_outside_city,home,5409247095_centroid,asymptomatic,recovered
350710,covid,3153,salaryman_outside_city,restaurant,9811016375_centroid,exposed,asymptomatic
351510,covid,3041,salaryman_outside_city,home,5276861164_centroid,exposed,asymptomatic
352055,covid,2522,salaryman_outside_city,home,2598218982_centroid,symptomatic,recovered
352685,covid,2754,salaryman_outside_city,home,5555654183_centroid,asymptomatic,symptomatic
354220,covid,2930,salaryman_outside_city,home,4801751317_centroid,exposed,asymptomatic
354880,covid,2678,salaryman_outside_city,home,9677431490_centroid,exposed,asymptomatic
355330,covid,2663,salaryman_outside_city,home,2602579865_centroid,symptomatic,recovered
356070,covid,1696,university_student,home,3901330678_centroid,asymptomatic,recovered
356825,covid,3129,salaryman_outside_city,home,5297220774_centroid,exposed,asymptomatic
357305,covid,3041,salaryman_outside_city,home,5276861164_centroid,asymptomatic,symptomatic
359380,covid,2643,salaryman_outside_city,home,2601271505_centroid,exposed,asymptomatic
359735,covid,357,student,home,1575487248_centroid,exposed,asymptomatic
360060,covid,3055,salaryman_outside_city,restaurant,4834217550_centroid,exposed,asymptomatic
362360,covid,2472,salaryman_outside_city,home,5485723797_centroid,asymptomatic,recovered
362475,covid,2738,salaryman_outside_city,home,5598068318_centroid,exposed,asymptomatic
363330,covid,2857,salaryman_outside_city,home,5598068630_centroid,exposed,asymptomatic
363485,covid,2456,salaryman_outside_city,home,5532524150_centroid,asymptomatic,symptomatic
364180,covid,2941,salaryman_outside_city,home,5598067360_centroid,exposed,asymptomatic
365230,covid,2822,salaryman_outside_city,road,5297219318,exposed,asymptomatic
367340,covid,2642,salaryman_outside_city,home,1573635327_centroid,exposed,asymptomatic
367430,covid,2860,salaryman_outside_city,home,5409247083_centroid,asymptomatic,recovered
368365,covid,4219,salaryman,home,3389130390_centroid,exposed,asymptomatic
369445,covid,2644,salaryman_outside_city,home,2602579510_centroid,exposed,asymptomatic
369965,covid,2863,salaryman_outside_city,home,7961286737_centroid,exposed,asymptomatic
370800,covid,2586,salaryman_outside_city,home,10024546852_centroid,exposed,asymptomatic
370870,covid,2454,salaryman_outside_city,home,1573619000_centroid,asymptomatic,recovered
371115,covid,2868,salaryman_outside_city,home,5276861192_centroid,asymptomatic,symptomatic
371460,covid,3056,salaryman_outside_city,home,3135426836_centroid,asymptomatic,symptomatic
372750,covid,2665,salaryman_outside_city,home,5409247119_centroid,asymptomatic,recovered
372960,covid,2500,salaryman_outside_city,home,4262901270_centroid,exposed,asymptomatic
373775,covid,2850,salaryman_outside_city,home,5555652813_centroid,symptomatic,recovered
373830,covid,2643,salaryman_outside_city,home,2601271505_centroid,asymptomatic,recovered
374410,covid,2937,salaryman_outside_city,home,3853884356_centroid,exposed,asymptomatic
374865,covid,357,student,road,329241961,asymptomatic,symptomatic
375085,covid,3056,salaryman_outside_city,home,3135426836_centroid,symptomatic,severe
375575,covid,2527,salaryman_outside_city,home,5911244637_centroid,exposed,asymptomatic
375770,covid,2858,salaryman_outside_city,home,5423715967_centroid,asymptomatic,recovered
375845,covid,2993,salaryman_outside_city,home,10013187945_centroid,exposed,asymptomatic
376970,covid,2835,salaryman_outside_city,home,2598219088_centroid,exposed,asymptomatic
377700,covid,3127,salaryman_outside_city,home,2602579888_centroid,exposed,asymptomatic
377935,covid,2700,salaryman_outside_city,home,3514520998_centroid,exposed,asymptomatic
378460,covid,2779,salaryman_outside_city,workplace,1475464726_centroid,asymptomatic,recovered
379215,covid,3167,salaryman_outside_city,workplace,1475464726_centroid,exposed,asymptomatic
379780,covid,2786,salaryman_outside_city,home,10013187619_centroid,exposed,asymptomatic
380370,covid,2603,salaryman_outside_city,road,7503596039,exposed,asymptomatic
380380,covid,2951,salaryman_outside_city,home,3389130390_centroid,symptomatic,recovered
380545,covid,2607,salaryman_outside_city,workplace,1475464726_centroid,exposed,asymptomatic
380590,covid,2786,salaryman_outside_city,road,3853813384,asymptomatic,symptomatic
380885,covid,2598,salaryman_outside_city,road,311752604,exposed,asymptomatic
381945,covid,3161,salaryman_outside_city,workplace,1475464726_centroid,exposed,asymptomatic
383000,covid,2452,salaryman_outside_city,home,2598218879_centroid,symptomatic,recovered
383040,covid,2801,salaryman_outside_city,workplace,1475464726_centroid,exposed,asymptomatic
385180,covid,2898,salaryman_outside_city,workplace,1475464726_centroid,exposed,asymptomatic
385310,covid,2785,salaryman_outside_city,workplace,1475464726_centroid,exposed,asymptomatic
387090,covid,3129,salaryman_outside_city,workplace,1475464726_centroid,asymptomatic,symptomatic
387145,covid,2527,salaryman_outside_city,workplace,1475464726_centroid,asymptomatic,recovered
387880,covid,2863,salaryman_outside_city,workplace,1475464726_centroid,asymptomatic,symptomatic
389460,covid,2844,salaryman_outside_city,home,4262901237_centroid,symptomatic,recovered
390015,covid,2644,salaryman_outside_city,workplace,1475464726_centroid,asymptomatic,symptomatic
391550,covid,76,student,workplace,3854132469_centroid,exposed,asymptomatic
391640,covid,2801,salaryman_outside_city,workplace,1475464726_centroid,asymptomatic,symptomatic
392475,covid,2972,salaryman_outside_city,workplace,1475464726_centroid,exposed,asymptomatic
392735,covid,3055,salaryman_outside_city,workplace,1475464726_centroid,asymptomatic,recovered
393800,covid,3177,salaryman_outside_city,workplace,1475464726_centroid,exposed,asymptomatic
393875,covid,2540,salaryman_outside_city,workplace,1475464726_centroid,exposed,asymptomatic
394000,covid,149,student,workplace,5614270281_centroid,exposed,asymptomatic
394890,covid,2868,salaryman_outside_city,home,5276861192_centroid,symptomatic,severe
396435,covid,2912,salaryman_outside_city,workplace,1475464726_centroid,exposed,asymptomatic
396755,covid,2989,salaryman_outside_city,workplace,1475464726_centroid,asymptomatic,symptomatic
397525,covid,2867,salaryman_outside_city,workplace,1475464726_centroid,exposed,asymptomatic
398235,covid,3177,salaryman_outside_city,workplace,1475464726_centroid,asymptomatic,recovered
399690,covid,2598,salaryman_outside_city,workplace,1475464726_centroid,asymptomatic,symptomatic
400210,covid,3127,salaryman_outside_city,workplace,1475464726_centroid,asymptomatic,symptomatic
400440,covid,2799,salaryman_outside_city,workplace,1475464726_centroid,asymptomatic,symptomatic
400755,covid,3129,salaryman_outside_city,workplace,1475464726_centroid,symptomatic,recovered
401145,covid,2912,salaryman_outside_city,workplace,1475464726_centroid,asymptomatic,recovered
401185,covid,2802,salaryman_outside_city,workplace,1475464726_centroid,exposed,asymptomatic
401380,covid,76,student,workplace,3854132469_centroid,asymptomatic,recovered
401630,covid,2556,salaryman_outside_city,workplace,1475464726_centroid,exposed,asymptomatic
403125,covid,2835,salaryman_outside_city,workplace,1475464726_centroid,asymptomatic,symptomatic
404240,covid,2766,salaryman_outside_city,workplace,1475464726_centroid,asymptomatic,symptomatic
404755,covid,3613,retailer,home,5409247119_centroid,asymptomatic,recovered
405535,covid,2946,salaryman_outside_city,workplace,1475464726_centroid,exposed,asymptomatic
405560,covid,2575,salaryman_outside_city,workplace,1475464726_centroid,exposed,asymptomatic
406400,covid,2492,salaryman_outside_city,workplace,1475464726_centroid,asymptomatic,symptomatic
406455,covid,2770,salaryman_outside_city,workplace,1475464726_centroid,exposed,asymptomatic
407180,covid,3153,salaryman_outside_city,workplace,1475464726_centroid,asymptomatic,symptomatic
408105,covid,2937,salaryman_outside_city,road,321604699,asymptomatic,recovered
409740,covid,2506,salaryman_outside_city,road,7503596071,exposed,asymptomatic
409925,covid,2961,salaryman_outside_city,restaurant,10035619508_centroid,asymptomatic,symptomatic
410290,covid,2773,salaryman_outside_city,restaurant,3854231896_centroid,asymptomatic,recovered
411920,covid,2683,salaryman_outside_city,restaurant,5126134958_centroid,exposed,asymptomatic
412255,covid,2656,salaryman_outside_city,home,5276861144_centroid,exposed,asymptomatic
413190,covid,2602,salaryman_outside_city,home,7961286690_centroid,symptomatic,recovered
413370,covid,2994,salaryman_outside_city,home,2598218854_centroid,exposed,asymptomatic
413790,covid,3144,salaryman_outside_city,home,7961519328_centroid,exposed,asymptomatic
414850,covid,3210,salaryman_outside_city,home,5555654183_centroid,exposed,asymptomatic
415050,covid,2514,salaryman_outside_city,home,5911244597_centroid,symptomatic,recovered
415320,covid,2656,salaryman_outside_city,home,5276861144_centroid,asymptomatic,symptomatic
418025,covid,2961,salaryman_outside_city,home,1582706247_centroid,symptomatic,recovered
418835,covid,4219,salaryman,home,3389130390_centroid,asymptomatic,symptomatic
419610,covid,2651,salaryman_outside_city,home,5285312132_centroid,asymptomatic,symptomatic
420010,covid,2180,teacher,home,2598219078_centroid,asymptomatic,symptomatic
420040,covid,2846,salaryman_outside_city,home,2660579487_centroid,exposed,asymptomatic
420840,covid,196,student,home,5409248332_centroid,exposed,asymptomatic
421530,covid,2794,salaryman_outside_city,home,2602579203_centroid,exposed,asymptomatic
421715,covid,2471,salaryman_outside_city,home,5411247915_centroid,asymptomatic,recovered
421840,covid,2873,salaryman_outside_city,home,2598219021_centroid,asymptomatic,symptomatic
421940,covid,2512,salaryman_outside_city,home,2598218804_centroid,exposed,asymptomatic
422630,covid,2586,salaryman_outside_city,home,10024546852_centroid,asymptomatic,symptomatic
424735,covid,2919,salaryman_outside_city,home,2598218976_centroid,exposed,asymptomatic
427150,covid,2954,salaryman_outside_city,home,6161063288_centroid,exposed,asymptomatic
427350,covid,2462,salaryman_outside_city,home,4801751282_centroid,exposed,asymptomatic
427385,covid,2651,salaryman_outside_city,home,5285312132_centroid,symptomatic,recovered
427985,covid,3006,salaryman_outside_city,home,6161063345_centroid,asymptomatic,symptomatic
428040,covid,2683,salaryman_outside_city,home,5297201489_centroid,asymptomatic,symptomatic
428955,covid,2475,salaryman_outside_city,home,2602579414_centroid,exposed,asymptomatic
429705,covid,2770,salaryman_outside_city,home,7961286690_centroid,asymptomatic,symptomatic
430960,covid,4724,restaurant_worker,home,5276905024_centroid,exposed,asymptomatic
432645,covid,2799,salaryman_outside_city,home,3853884363_centroid,symptomatic,severe
432770,covid,3706,salaryman,home,7961286690_centroid,exposed,asymptomatic
432780,covid,2947,salaryman_outside_city,home,1582706254_centroid,exposed,asymptomatic
433635,covid,4786,restaurant_worker,home,2660577253_centroid,exposed,asymptomatic
434140,covid,2781,salaryman_outside_city,home,10024546910_centroid,exposed,asymptomatic
434185,covid,2573,salaryman_outside_city,home,5379617484_centroid,exposed,asymptomatic
434680,covid,2785,salaryman_outside_city,home,5276905028_centroid,asymptomatic,symptomatic
435200,covid,2921,salaryman_outside_city,home,4328946055_centroid,exposed,asymptomatic
435345,covid,2777,salaryman_outside_city,home,5598067398_centroid,exposed,asymptomatic
435860,covid,2603,salaryman_outside_city,home,3389130803_centroid,asymptomatic,recovered
437725,covid,3028,salaryman_outside_city,home,1582687115_centroid,exposed,asymptomatic
438465,covid,2573,salaryman_outside_city,home,5379617484_centroid,asymptomatic,recovered
439575,covid,3028,salaryman_outside_city,home,1582687115_centroid,asymptomatic,symptomatic
439845,covid,2738,salaryman_outside_city,home,5598068318_centroid,asymptomatic,recovered
440420,covid,3159,salaryman_outside_city,home,5409248099_centroid,exposed,asymptomatic
441630,covid,2781,salaryman_outside_city,home,10024546910_centroid,asymptomatic,symptomatic
442125,covid,2500,salaryman_outside_city,home,4262901270_centroid,asymptomatic,recovered
443400,covid,2843,salaryman_outside_city,home,3844116898_centroid,exposed,asymptomatic
443730,covid,2972,salaryman_outside_city,home,5415837114_centroid,asymptomatic,symptomatic
445670,covid,2624,salaryman_outside_city,hospital,9627983158_centroid,severe,recovered
446330,covid,2604,salaryman_outside_city,home,4328964711_centroid,exposed,asymptomatic
446445,covid,3205,salaryman_outside_city,home,2598218964_centroid,exposed,asymptomatic
446855,covid,3214,salaryman_outside_city,home,2602579259_centroid,exposed,asymptomatic
448300,covid,2493,salaryman_outside_city,home,2598219182_centroid,exposed,asymptomatic
449285,covid,2758,salaryman_outside_city,home,5415837049_centroid,exposed,asymptomatic
450015,covid,2701,salaryman_outside_city,restaurant,9811016375_centroid,exposed,asymptomatic
450395,covid,2898,salaryman_outside_city,home,5385111857_centroid,asymptomatic,symptomatic
450790,covid,2628,salaryman_outside_city,home,5598068506_centroid,exposed,asymptomatic
451185,covid,2928,salaryman_outside_city,retail,7961519382_centroid,exposed,asymptomatic
451885,covid,3029,salaryman_outside_city,home,3389130351_centroid,asymptomatic,recovered
452385,covid,2817,salaryman_outside_city,home,3251690993_centroid,exposed,asymptomatic
452800,covid,3003,salaryman_outside_city,home,5598068446_centroid,asymptomatic,symptomatic
453380,covid,3056,salaryman_outside_city,hospital,1575489985_centroid,severe,recovered
453655,covid,3039,salaryman_outside_city,home,5297201511_centroid,exposed,asymptomatic
454065,covid,3220,salaryman_outside_city,home,3389130803_centroid,symptomatic,severe
454765,covid,1192,university_student,home,3514521014_centroid,exposed,asymptomatic
455240,covid,2808,salaryman_outside_city,home,5438757127_centroid,symptomatic,recovered
455880,covid,2799,salaryman_outside_city,hospital,1575489985_centroid,severe,recovered
456040,covid,2503,salaryman_outside_city,home,5388602604_centroid,exposed,asymptomatic
456300,covid,3039,salaryman_outside_city,home,5297201511_centroid,asymptomatic,symptomatic
456475,covid,3075,salaryman_outside_city,home,2601271424_centroid,exposed,asymptomatic
456715,covid,3783,salaryman,home,2598218854_centroid,exposed,asymptomatic
457185,covid,2867,salaryman_outside_city,home,3901330699_centroid,asymptomatic,symptomatic
457445,covid,2582,salaryman_outside_city,home,4262901792_centroid,exposed,asymptomatic
459455,covid,2556,salaryman_outside_city,home,5532524022_centroid,asymptomatic,symptomatic
459895,covid,3214,salaryman_outside_city,home,2602579259_centroid,asymptomatic,recovered
461850,covid,2032,university_student,home,3514521014_centroid,exposed,asymptomatic
462255,covid,3139,salaryman_outside_city,home,7961519346_centroid,exposed,asymptomatic
462375,covid,2786,salaryman_outside_city,home,10013187619_centroid,symptomatic,recovered
464190,covid,2946,salaryman_outside_city,home,5297205035_centroid,asymptomatic,symptomatic
464345,covid,4109,salaryman,home,5409247119_centroid,exposed,asymptomatic
464890,covid,2590,salaryman_outside_city,road,1435115121,exposed,asymptomatic
465605,covid,2598,salaryman_outside_city,home,3390881697_centroid,symptomatic,severe
465700,covid,2866,salaryman_outside_city,home,5388602636_centroid,exposed,asymptomatic
466300,covid,3015,salaryman_outside_city,home,5411247709_centroid,asymptomatic,symptomatic
469110,covid,2188,teacher,restaurant,4834217550_centroid,exposed,asymptomatic
469610,covid,2628,salaryman_outside_city,home,5598068506_centroid,asymptomatic,symptomatic
470245,covid,3127,salaryman_outside_city,home,2602579888_centroid,symptomatic,recovered
470345,covid,2950,salaryman_outside_city,home,4801751320_centroid,asymptomatic,symptomatic
470410,covid,4724,restaurant_worker,home,5276905024_centroid,asymptomatic,symptomatic
471510,covid,2953,salaryman_outside_city,home,5379614088_centroid,exposed,asymptomatic
471595,covid,2659,salaryman_outside_city,home,5379614116_centroid,exposed,asymptomatic
471710,covid,4827,restaurant_worker,home,7961286690_centroid,asymptomatic,symptomatic
471735,covid,2700,salaryman_outside_city,home,3514520998_centroid,asymptomatic,symptomatic
471880,covid,3105,salaryman_outside_city,road,5385111909,exposed,asymptomatic
473610,covid,2607,salaryman_outside_city,home,5276861208_centroid,asymptomatic,symptomatic
474685,covid,3138,salaryman_outside_city,home,5438757152_centroid,symptomatic,severe
476270,covid,2478,salaryman_outside_city,restaurant,5911244587_centroid,exposed,asymptomatic
477600,covid,2582,salaryman_outside_city,home,4262901792_centroid,asymptomatic,symptomatic
478010,covid,2188,teacher,home,5555654111_centroid,asymptomatic,recovered
478115,covid,3198,salaryman_outside_city,home,3975269467_centroid,exposed,asymptomatic
478330,covid,670,university_student,home,4801751317_centroid,exposed,asymptomatic
478850,covid,3161,salaryman_outside_city,home,5409247115_centroid,asymptomatic,symptomatic
480015,covid,2817,salaryman_outside_city,home,3251690993_centroid,asymptomatic,recovered
480070,covid,2549,salaryman_outside_city,home,5379614108_centroid,exposed,asymptomatic
480885,covid,2928,salaryman_outside_city,home,5285312144_centroid,asymptomatic,symptomatic
481020,covid,2461,salaryman_outside_city,home,7183789931_centroid,symptomatic,recovered
481580,covid,3706,salaryman,home,7961286690_centroid,asymptomatic,symptomatic
482410,covid,2656,salaryman_outside_city,home,5276861144_centroid,symptomatic,recovered
483705,covid,3182,salaryman_outside_city,home,5423715939_centroid,exposed,asymptomatic
484415,covid,516,university_student,home,10024546767_centroid,exposed,asymptomatic
484620,covid,2498,salaryman_outside_city,home,3844116787_centroid,exposed,asymptomatic
484765,covid,2788,salaryman_outside_city,home,5911244695_centroid,exposed,asymptomatic
485685,covid,2998,salaryman_outside_city,home,9741629282_centroid,exposed,asymptomatic
486190,covid,2476,salaryman_outside_city,home,5273261021_centroid,asymptomatic,recovered
486695,covid,3113,salaryman_outside_city,home,5409247087_centroid,symptomatic,severe
486865,covid,2462,salaryman_outside_city,home,4801751282_centroid,asymptomatic,recovered
487370,covid,2866,salaryman_outside_city,home,5388602636_centroid,asymptomatic,recovered
487645,covid,2642,salaryman_outside_city,home,1573635327_centroid,asymptomatic,symptomatic
488360,covid,3074,salaryman_outside_city,home,5555654111_centroid,symptomatic,recovered
488395,covid,3183,salaryman_outside_city,home,5438756787_centroid,exposed,asymptomatic
488590,covid,3045,salaryman_outside_city,home,6021043828_centroid,exposed,asymptomatic
488630,covid,3161,salaryman_outside_city,home,5409247115_centroid,symptomatic,recovered
490190,covid,3038,salaryman_outside_city,home,5379614072_centroid,exposed,asymptomatic
490260,covid,4109,salaryman,home,5409247119_centroid,asymptomatic,symptomatic
490750,covid,2749,salaryman_outside_city,home,10024546830_centroid,asymptomatic,recovered
490800,covid,3142,salaryman_outside_city,home,2598218875_centroid,exposed,asymptomatic
492670,covid,2784,salaryman_outside_city,home,9738782936_centroid,exposed,asymptomatic
493140,covid,392,student,home,9741629282_centroid,exposed,asymptomatic
493400,covid,3040,salaryman_outside_city,restaurant,5970965787_centroid,asymptomatic,symptomatic
494415,covid,2569,salaryman_outside_city,home,7706898857_centroid,asymptomatic,symptomatic
494555,covid,2475,salaryman_outside_city,home,2602579414_centroid,asymptomatic,recovered
495965,covid,2983,salaryman_outside_city,home,5532524022_centroid,exposed,asymptomatic
497150,covid,3083,salaryman_outside_city,home,5555654073_centroid,exposed,asymptomatic
500535,covid,2512,salaryman_outside_city,home,2598218804_centroid,asymptomatic,symptomatic
501060,covid,2998,salaryman_outside_city,home,9741629282_centroid,asymptomatic,recovered
501375,covid,2930,salaryman_outside_city,home,4801751317_centroid,asymptomatic,recovered
503545,covid,3105,salaryman_outside_city,restaurant,10035619508_centroid,asymptomatic,symptomatic
504075,covid,3166,salaryman_outside_city,home,5415836926_centroid,exposed,asymptomatic
505370,covid,2530,salaryman_outside_city,home,9738782080_centroid,exposed,asymptomatic
505475,covid,2772,salaryman_outside_city,home,5406601579_centroid,exposed,asymptomatic
506920,covid,2835,salaryman_outside_city,home,2598219088_centroid,symptomatic,recovered
507150,covid,3783,salaryman,home,2598218854_centroid,asymptomatic,recovered
507330,covid,2538,salaryman_outside_city,home,2601271277_centroid,exposed,asymptomatic
508140,covid,2549,salaryman_outside_city,home,5379614108_centroid,asymptomatic,symptomatic
508945,covid,3113,salaryman_outside_city,hospital,9820206585_centroid,severe,recovered
510255,covid,3198,salaryman_outside_city,home,3975269467_centroid,asymptomatic,symptomatic
513885,covid,3183,salaryman_outside_city,home,5438756787_centroid,asymptomatic,symptomatic
514450,covid,4724,restaurant_worker,home,5276905024_centroid,symptomatic,severe
515680,covid,2822,salaryman_outside_city,home,5297220738_centroid,asymptomatic,recovered
516180,covid,2854,salaryman_outside_city,home,5297220742_centroid,exposed,asymptomatic
519335,covid,2863,salaryman_outside_city,home,7961286737_centroid,symptomatic,severe
519630,covid,1192,university_student,home,3514521014_centroid,asymptomatic,symptomatic
520005,covid,1497,university_student,home,7961519290_centroid,exposed,asymptomatic
520125,covid,2717,salaryman_outside_city,home,2598219208_centroid,exposed,asymptomatic
520370,covid,2897,salaryman_outside_city,home,2598219182_centroid,exposed,asymptomatic
521395,covid,3467,retailer,home,1572619536_centroid,exposed,asymptomatic
521580,covid,2628,salaryman_outside_city,home,5598068506_centroid,symptomatic,recovered
522155,covid,4328,salaryman,hospital,4834217552_centroid,severe,recovered
522835,covid,2993,salaryman_outside_city,home,10013187945_centroid,asymptomatic,symptomatic
522925,covid,2994,salaryman_outside_city,home,2598218854_centroid,asymptomatic,symptomatic
523435,covid,352,student,home,2598219112_centroid,exposed,asymptomatic
523625,covid,2941,salaryman_outside_city,home,5598067360_centroid,asymptomatic,symptomatic
523870,covid,2505,salaryman_outside_city,home,7168468235_centroid,exposed,asymptomatic
524115,covid,2582,salaryman_outside_city,home,4262901792_centroid,symptomatic,recovered
524265,covid,3041,salaryman_outside_city,home,5276861164_centroid,symptomatic,recovered
524525,covid,149,student,home,2602579865_centroid,asymptomatic,recovered
524705,covid,2649,salaryman_outside_city,home,2602579465_centroid,exposed,asymptomatic
525435,covid,2983,salaryman_outside_city,home,5532524022_centroid,asymptomatic,recovered
525885,covid,3039,salaryman_outside_city,home,5297201511_centroid,symptomatic,recovered
526800,covid,3205,salaryman_outside_city,home,2598218964_centroid,asymptomatic,recovered
527875,covid,2772,salaryman_outside_city,home,5406601579_centroid,asymptomatic,symptomatic
530340,covid,3096,salaryman_outside_city,home,5406601599_centroid,symptomatic,severe
531410,covid,2121,medical_doctor,road,6587040400,exposed,asymptomatic
531765,covid,2237,teacher,restaurant,9811016375_centroid,exposed,asymptomatic
532110,covid,2728,salaryman_outside_city,home,3975269305_centroid,exposed,asymptomatic
532890,covid,2928,salaryman_outside_city,home,5285312144_centroid,symptomatic,severe
533165,covid,3053,salaryman_outside_city,home,5598068446_centroid,symptomatic,recovered
533900,covid,4134,salaryman,home,4801751282_centroid,exposed,asymptomatic
534885,covid,3117,salaryman_outside_city,home,5438756791_centroid,exposed,asymptomatic
535705,covid,196,student,home,5409248332_centroid,asymptomatic,symptomatic
535710,covid,2802,salaryman_outside_city,home,5415837120_centroid,asymptomatic,recovered
536415,covid,392,student,home,9741629282_centroid,asymptomatic,symptomatic
536525,covid,2492,salaryman_outside_city,home,3390873198_centroid,symptomatic,severe
537270,covid,2620,salaryman_outside_city,home,10024167399_centroid,exposed,asymptomatic
537615,covid,3047,salaryman_outside_city,home,9941505110_centroid,asymptomatic,symptomatic
538245,covid,3144,salaryman_outside_city,home,7961519328_centroid,asymptomatic,symptomatic
540070,covid,2620,salaryman_outside_city,home,10024167399_centroid,asymptomatic,symptomatic
545225,covid,2506,salaryman_outside_city,home,7961280478_centroid,asymptomatic,symptomatic
546130,covid,2969,salaryman_outside_city,home,5911788371_centroid,asymptomatic,symptomatic
546300,covid,3167,salaryman_outside_city,home,5555654037_centroid,asymptomatic,symptomatic
546775,covid,2953,salaryman_outside_city,home,5379614088_centroid,asymptomatic,symptomatic
547135,covid,3028,salaryman_outside_city,home,1582687115_centroid,symptomatic,severe
548005,covid,3176,salaryman_outside_city,home,6947448702_centroid,asymptomatic,recovered
548435,covid,2660,salaryman_outside_city,home,5485723811_centroid,exposed,asymptomatic
548590,covid,2649,salaryman_outside_city,home,2602579465_centroid,asymptomatic,symptomatic
548675,covid,3012,salaryman_outside_city,home,5555654119_centroid,exposed,asymptomatic
549110,covid,2512,salaryman_outside_city,home,2598218804_centroid,symptomatic,recovered
549650,covid,2511,salaryman_outside_city,restaurant,4834217550_centroid,exposed,asymptomatic
549825,covid,3013,salaryman_outside_city,home,8223739228_centroid,exposed,asymptomatic
550115,covid,2540,salaryman_outside_city,home,5598068556_centroid,asymptomatic,symptomatic
550345,covid,3222,salaryman_outside_city,home,2984321244_centroid,exposed,asymptomatic
551265,covid,2958,salaryman_outside_city,home,1573620863_centroid,exposed,asymptomatic
552565,covid,3049,salaryman_outside_city,home,5276905024_centroid,asymptomatic,symptomatic
554110,covid,3063,salaryman_outside_city,home,5409247107_centroid,exposed,asymptomatic
554165,covid,3186,salaryman_outside_city,home,7961286759_centroid,exposed,asymptomatic
555255,covid,2843,salaryman_outside_city,home,3844116898_centroid,asymptomatic,symptomatic
558430,covid,4410,salaryman,home,2601271502_centroid,exposed,asymptomatic
558480,covid,234,student,home,5532522904_centroid,exposed,asymptomatic
558805,covid,3241,salaryman_outside_city,home,9941564428_centroid,exposed,asymptomatic
559165,covid,3142,salaryman_outside_city,home,2598218875_centroid,asymptomatic,recovered
559535,covid,2777,salaryman_outside_city,home,5598067398_centroid,asymptomatic,recovered
559600,covid,4845,restaurant_worker,home,10024546773_centroid,exposed,asymptomatic
559960,covid,2590,salaryman_outside_city,home,5911244621_centroid,asymptomatic,symptomatic
561435,covid,3082,salaryman_outside_city,home,5409247079_centroid,exposed,asymptomatic
561845,covid,2870,salaryman_outside_city,home,1582921656_centroid,exposed,asymptomatic
562065,covid,3222,salaryman_outside_city,home,2984321244_centroid,asymptomatic,symptomatic
562470,covid,2604,salaryman_outside_city,home,4328964711_centroid,asymptomatic,recovered
564485,covid,2556,salaryman_outside_city,home,5532524022_centroid,symptomatic,recovered
564930,covid,2161,teacher,home,5525081307_centroid,exposed,asymptomatic
566905,covid,2082,medical_doctor,workplace,9820206585_centroid,exposed,asymptomatic
567100,covid,3243,salaryman_outside_city,home,5409248390_centroid,exposed,asymptomatic
567545,covid,2897,salaryman_outside_city,home,2598219182_centroid,asymptomatic,recovered
568090,covid,2493,salaryman_outside_city,home,2598219182_centroid,asymptomatic,symptomatic
568685,covid,2578,salaryman_outside_city,home,2598218851_centroid,exposed,asymptomatic
568770,covid,3075,salaryman_outside_city,home,2601271424_centroid,asymptomatic,symptomatic
569575,covid,4786,restaurant_worker,workplace,5436829846_centroid,asymptomatic,symptomatic
570615,covid,3104,salaryman_outside_city,home,2601271389_centroid,exposed,asymptomatic
571165,covid,3134,salaryman_outside_city,home,9738782936_centroid,exposed,asymptomatic
571450,covid,4410,salaryman,home,2601271502_centroid,asymptomatic,recovered
571660,covid,2237,teacher,home,1573635327_centroid,asymptomatic,symptomatic
573340,covid,2478,salaryman_outside_city,home,5285312140_centroid,asymptomatic,symptomatic
573730,covid,670,university_student,home,4801751317_centroid,asymptomatic,recovered
575270,covid,3210,salaryman_outside_city,home,5555654183_centroid,asymptomatic,recovered
575285,covid,2569,salaryman_outside_city,home,7706898857_centroid,symptomatic,recovered
576120,covid,2757,salaryman_outside_city,home,5598068268_centroid,exposed,asymptomatic
576375,covid,2796,salaryman_outside_city,home,5598068466_centroid,exposed,asymptomatic
577545,covid,3213,salaryman_outside_city,home,5385111861_centroid,exposed,asymptomatic
578740,covid,2121,medical_doctor,workplace,4834217552_centroid,asymptomatic,symptomatic
579150,covid,1752,university_student,home,6947448702_centroid,exposed,asymptomatic
579200,covid,2712,salaryman_outside_city,home,3975269467_centroid,exposed,asymptomatic
579355,covid,2863,salaryman_outside_city,hospital,4834217552_centroid,severe,recovered
579840,covid,3014,salaryman_outside_city,home,5598067350_centroid,exposed,asymptomatic
580715,covid,2574,salaryman_outside_city,home,5276905024_centroid,exposed,asymptomatic
581260,covid,1752,university_student,home,6947448702_centroid,asymptomatic,symptomatic
581280,covid,2846,salaryman_outside_city,home,2660579487_centroid,asymptomatic,symptomatic
584955,covid,2819,salaryman_outside_city,home,5409248055_centroid,exposed,asymptomatic
585255,covid,2530,salaryman_outside_city,home,9738782080_centroid,asymptomatic,symptomatic
586175,covid,2456,salaryman_outside_city,home,5532524150_centroid,symptomatic,recovered
586350,covid,2089,medical_doctor,home,2598219030_centroid,exposed,asymptomatic
586365,covid,3080,salaryman_outside_city,home,10013187667_centroid,exposed,asymptomatic
587460,covid,3139,salaryman_outside_city,home,7961519346_centroid,asymptomatic,symptomatic
587660,covid,2724,salaryman_outside_city,home,5525081307_centroid,symptomatic,severe
589550,covid,3063,salaryman_outside_city,home,5409247107_centroid,asymptomatic,symptomatic
590575,covid,2946,salaryman_outside_city,home,5297205035_centroid,symptomatic,recovered
591785,covid,2498,salaryman_outside_city,home,3844116787_centroid,asymptomatic,symptomatic
592015,covid,2758,salaryman_outside_city,home,5415837049_centroid,asymptomatic,recovered
592735,covid,2474,salaryman_outside_city,home,5598068244_centroid,exposed,asymptomatic
595945,covid,2868,salaryman_outside_city,hospital,7183789943_centroid,severe,recovered
596080,covid,3186,salaryman_outside_city,home,7961286759_centroid,asymptomatic,symptomatic
596950,covid,3199,salaryman_outside_city,home,5409248382_centroid,exposed,asymptomatic
597690,covid,2180,teacher,home,2598219078_centroid,symptomatic,recovered
597845,covid,3075,salaryman_outside_city,home,2601271424_centroid,symptomatic,recovered
598385,covid,2460,salaryman_outside_city,home,5297205039_centroid,exposed,asymptomatic
602080,covid,2947,salaryman_outside_city,home,1582706254_centroid,asymptomatic,symptomatic
602935,covid,3038,salaryman_outside_city,home,5379614072_centroid,asymptomatic,symptomatic
603360,covid,2712,salaryman_outside_city,home,3975269467_centroid,asymptomatic,recovered
605505,covid,3241,salaryman_outside_city,home,9941564428_centroid,asymptomatic,symptomatic
606440,covid,2082,medical_doctor,road,3389130684_centroid_entry,asymptomatic,symptomatic
607640,covid,198,student,home,9941564287_centroid,exposed,asymptomatic
608320,covid,2689,salaryman_outside_city,home,9941564303_centroid,exposed,asymptomatic
608495,covid,2950,salaryman_outside_city,home,4801751320_centroid,symptomatic,severe
610445,covid,352,student,home,2598219112_centroid,asymptomatic,recovered
610580,covid,2672,salaryman_outside_city,home,3514521014_centroid,symptomatic,recovered
612400,covid,485,university_student,restaurant,4834217550_centroid,exposed,asymptomatic
612410,covid,2082,medical_doctor,workplace,9820206585_centroid,symptomatic,severe
612650,covid,2511,salaryman_outside_city,restaurant,4834217550_centroid,asymptomatic,symptomatic
613375,covid,2032,university_student,home,3514521014_centroid,asymptomatic,recovered
613525,covid,392,student,home,9741629282_centroid,symptomatic,recovered
613540,covid,3139,salaryman_outside_city,home,7961519346_centroid,symptomatic,severe
616155,covid,2682,salaryman_outside_city,home,7961280466_centroid,symptomatic,recovered
617810,covid,3012,salaryman_outside_city,home,5555654119_centroid,asymptomatic,symptomatic
618955,covid,3114,salaryman_outside_city,home,5555654081_centroid,exposed,asymptomatic
619710,covid,2460,salaryman_outside_city,home,5297205039_centroid,asymptomatic,symptomatic
620155,covid,3157,salaryman_outside_city,home,2598219078_centroid,exposed,asymptomatic
620185,covid,234,student,home,5532522904_centroid,asymptomatic,symptomatic
620580,covid,2757,salaryman_outside_city,home,5598068268_centroid,asymptomatic,recovered
620670,covid,1301,university_student,home,5555652813_centroid,symptomatic,severe
620685,covid,2816,salaryman_outside_city,home,7961286714_centroid,exposed,asymptomatic
621950,covid,2502,salaryman_outside_city,home,5680624509_centroid,exposed,asymptomatic
622140,covid,2237,teacher,home,1573635327_centroid,symptomatic,severe
623535,covid,516,university_student,home,10024546767_centroid,asymptomatic,symptomatic
624495,covid,3180,salaryman_outside_city,home,5409248324_centroid,exposed,asymptomatic
624625,covid,2639,salaryman_outside_city,home,2601271452_centroid,exposed,asymptomatic
625885,covid,2953,salaryman_outside_city,home,5379614088_centroid,symptomatic,severe
626490,covid,3213,salaryman_outside_city,home,5385111861_centroid,asymptomatic,recovered
626680,covid,3112,salaryman_outside_city,home,4801751224_centroid,exposed,asymptomatic
629505,covid,1986,university_student,home,5273261029_centroid,exposed,asymptomatic
630050,covid,3114,salaryman_outside_city,home,5555654081_centroid,asymptomatic,symptomatic
631295,covid,3083,salaryman_outside_city,home,5555654073_centroid,asymptomatic,symptomatic
632015,covid,2089,medical_doctor,workplace,4834217552_centroid,asymptomatic,symptomatic
632825,covid,4219,salaryman,home,3389130390_centroid,symptomatic,severe
632860,covid,2528,salaryman_outside_city,home,4262901866_centroid,exposed,asymptomatic
633660,covid,4134,salaryman,home,4801751282_centroid,asymptomatic,symptomatic
634215,covid,2701,salaryman_outside_city,home,5385111877_centroid,asymptomatic,symptomatic
637740,covid,3013,salaryman_outside_city,home,8223739228_centroid,asymptomatic,recovered
637930,covid,485,university_student,home,7961280446_centroid,asymptomatic,symptomatic
641660,covid,2575,salaryman_outside_city,workplace,1475464726_centroid,asymptomatic,symptomatic
643190,covid,1986,university_student,workplace,3251690879_centroid,asymptomatic,symptomatic
643775,covid,2489,salaryman_outside_city,workplace,1475464726_centroid,exposed,asymptomatic
644715,covid,2796,salaryman_outside_city,home,5598068466_centroid,asymptomatic,recovered
645265,covid,2502,salaryman_outside_city,workplace,1475464726_centroid,asymptomatic,symptomatic
645540,covid,2608,salaryman_outside_city,home,2602579609_centroid,symptomatic,recovered
647480,covid,341,student,workplace,5614270281_centroid,exposed,asymptomatic
647555,covid,3028,salaryman_outside_city,hospital,9811757176_centroid,severe,recovered
647790,covid,4109,salaryman,home,5409247119_centroid,symptomatic,recovered
648160,covid,2492,salaryman_outside_city,hospital,9820206585_centroid,severe,recovered
648160,covid,2572,salaryman_outside_city,home,3803369238_centroid,symptomatic,recovered
649035,covid,2963,salaryman_outside_city,home,2598219208_centroid,exposed,asymptomatic
649080,covid,1321,university_student,home,5532524138_centroid,exposed,asymptomatic
649770,covid,4672,salaryman,workplace,5045546386_centroid,exposed,asymptomatic
650320,covid,2679,salaryman_outside_city,workplace,1475464726_centroid,exposed,asymptomatic
651610,covid,2678,salaryman_outside_city,workplace,1475464726_centroid,asymptomatic,symptomatic
651910,covid,2788,salaryman_outside_city,workplace,1475464726_centroid,asymptomatic,symptomatic
652510,covid,3088,salaryman_outside_city,workplace,1475464726_centroid,exposed,asymptomatic
654775,covid,293,student,workplace,7022689261_centroid,exposed,asymptomatic
656045,covid,3006,salaryman_outside_city,home,6161063345_centroid,symptomatic,severe
656410,covid,3149,salaryman_outside_city,home,6161063353_centroid,symptomatic,severe
656935,covid,3159,salaryman_outside_city,workplace,1475464726_centroid,asymptomatic,symptomatic
657730,covid,2717,salaryman_outside_city,workplace,1475464726_centroid,asymptomatic,recovered
658015,covid,2784,salaryman_outside_city,workplace,1475464726_centroid,asymptomatic,symptomatic
658310,covid,3047,salaryman_outside_city,home,9941505110_centroid,symptomatic,recovered
659035,covid,2708,salaryman_outside_city,workplace,1475464726_centroid,exposed,asymptomatic
659040,covid,2590,salaryman_outside_city,home,5911244621_centroid,symptomatic,recovered
659315,covid,2829,salaryman_outside_city,workplace,1475464726_centroid,exposed,asymptomatic
659620,covid,2849,salaryman_outside_city,workplace,1475464726_centroid,exposed,asymptomatic
660135,covid,3082,salaryman_outside_city,workplace,1475464726_centroid,asymptomatic,symptomatic
663190,covid,1604,university_student,workplace,5414062359_centroid,exposed,asymptomatic
663440,covid,3201,salaryman_outside_city,workplace,1475464726_centroid,exposed,asymptomatic
663650,covid,3005,salaryman_outside_city,workplace,1475464726_centroid,exposed,asymptomatic
663755,covid,3243,salaryman_outside_city,workplace,1475464726_centroid,asymptomatic,symptomatic
663815,covid,2965,salaryman_outside_city,workplace,1475464726_centroid,exposed,asymptomatic
663915,covid,2678,salaryman_outside_city,workplace,1475464726_centroid,symptomatic,recovered
664355,covid,201,student,workplace,9621269051_centroid,exposed,asymptomatic
665125,covid,293,student,workplace,7022689261_centroid,asymptomatic,recovered
667105,covid,2658,salaryman_outside_city,workplace,1475464726_centroid,exposed,asymptomatic
667190,covid,2700,salaryman_outside_city,home,3514520998_centroid,symptomatic,recovered
669675,covid,2689,salaryman_outside_city,home,9941564303_centroid,asymptomatic,recovered
670220,covid,1609,university_student,workplace,3251690879_centroid,exposed,asymptomatic
670615,covid,4672,salaryman,home,3803369238_centroid,asymptomatic,symptomatic
672020,covid,4526,salaryman,home,2598219047_centroid,exposed,asymptomatic
674425,covid,2625,salaryman_outside_city,workplace,1475464726_centroid,exposed,asymptomatic
676545,covid,3104,salaryman_outside_city,home,2601271389_centroid,asymptomatic,recovered
680050,covid,2561,salaryman_outside_city,home,2987435482_centroid,exposed,asymptomatic
680280,covid,4177,salaryman,home,3901330699_centroid,exposed,asymptomatic
680830,covid,2190,teacher,home,5598068250_centroid,exposed,asymptomatic
680900,covid,2917,salaryman_outside_city,home,5598068450_centroid,exposed,asymptomatic
681455,covid,3955,salaryman,home,5276905028_centroid,exposed,asymptomatic
683925,covid,2766,salaryman_outside_city,home,2601271281_centroid,symptomatic,severe
684070,covid,2848,salaryman_outside_city,home,5409248328_centroid,exposed,asymptomatic
684475,covid,1986,university_student,home,5273261029_centroid,symptomatic,severe
684770,covid,2783,salaryman_outside_city,home,5415837002_centroid,exposed,asymptomatic
685095,covid,2795,salaryman_outside_city,home,1582706404_centroid,exposed,asymptomatic
685285,covid,2848,salaryman_outside_city,home,5409248328_centroid,asymptomatic,symptomatic
686350,covid,1497,university_student,home,7961519290_centroid,asymptomatic,symptomatic
686415,covid,2488,salaryman_outside_city,home,5379614088_centroid,exposed,asymptomatic
686495,covid,2963,salaryman_outside_city,workplace,1475464726_centroid,asymptomatic,symptomatic
687765,covid,3153,salaryman_outside_city,home,10013187755_centroid,symptomatic,severe
687820,covid,2701,salaryman_outside_city,home,5385111877_centroid,symptomatic,recovered
688660,covid,2620,salaryman_outside_city,home,10024167399_centroid,symptomatic,severe
689265,covid,3186,salaryman_outside_city,home,7961286759_centroid,symptomatic,severe
691415,covid,3222,salaryman_outside_city,home,2984321244_centroid,symptomatic,recovered
691455,covid,3182,salaryman_outside_city,home,5423715939_centroid,asymptomatic,symptomatic
692385,covid,3014,salaryman_outside_city,home,5598067350_centroid,asymptomatic,recovered
692645,covid,2921,salaryman_outside_city,home,4328946055_centroid,asymptomatic,symptomatic
693470,covid,2754,salaryman_outside_city,home,5555654183_centroid,symptomatic,severe
695325,covid,3134,salaryman_outside_city,home,9738782936_centroid,asymptomatic,recovered
695750,covid,2718,salaryman_outside_city,home,4801751277_centroid,exposed,asymptomatic
696780,covid,2728,salaryman_outside_city,home,3975269305_centroid,asymptomatic,symptomatic
696895,covid,2723,salaryman_outside_city,home,5911244465_centroid,exposed,asymptomatic
696970,covid,3166,salaryman_outside_city,home,5415836926_centroid,asymptomatic,symptomatic
698380,covid,2575,salaryman_outside_city,home,5436829954_centroid,symptomatic,recovered
699330,covid,2803,salaryman_outside_city,home,5273261029_centroid,exposed,asymptomatic
700560,covid,3153,salaryman_outside_city,hospital,9811757176_centroid,severe,recovered
701570,covid,2089,medical_doctor,home,2598219030_centroid,symptomatic,severe
705420,covid,2941,salaryman_outside_city,home,5598067360_centroid,symptomatic,recovered
705575,covid,2728,salaryman_outside_city,home,3975269305_centroid,symptomatic,severe
706950,covid,3180,salaryman_outside_city,home,5409248324_centroid,asymptomatic,symptomatic
707270,covid,2873,salaryman_outside_city,home,2598219021_centroid,symptomatic,recovered
707330,covid,2520,salaryman_outside_city,restaurant,4834217550_centroid,exposed,asymptomatic
708060,covid,2121,medical_doctor,home,2598219208_centroid,symptomatic,recovered
708085,covid,2658,salaryman_outside_city,home,9738782066_centroid,asymptomatic,recovered
708240,covid,3955,salaryman,home,5276905028_centroid,asymptomatic,recovered
708630,covid,2857,salaryman_outside_city,home,5598068630_centroid,asymptomatic,recovered
709065,covid,2620,salaryman_outside_city,hospital,9627983158_centroid,severe,recovered
709395,covid,357,student,home,1575487248_centroid,symptomatic,recovered
711730,covid,3031,salaryman_outside_city,home,5532522904_centroid,asymptomatic,recovered
711920,covid,2921,salaryman_outside_city,home,4328946055_centroid,symptomatic,severe
711990,covid,3157,salaryman_outside_city,road,7444942243,asymptomatic,symptomatic
713335,covid,2791,salaryman_outside_city,home,3975269491_centroid,exposed,asymptomatic
713505,covid,3088,salaryman_outside_city,home,4801751317_centroid,asymptomatic,recovered
715535,covid,2084,medical_doctor,workplace,9820206585_centroid,exposed,asymptomatic
716085,covid,2489,salaryman_outside_city,home,5598067406_centroid,asymptomatic,recovered
716535,covid,2519,salaryman_outside_city,home,4328964703_centroid,asymptomatic,recovered
716795,covid,3012,salaryman_outside_city,home,5555654119_centroid,symptomatic,recovered
716830,covid,3034,salaryman_outside_city,home,5385111869_centroid,exposed,asymptomatic
716840,covid,2798,salaryman_outside_city,home,7183789927_centroid,exposed,asymptomatic
718010,covid,2530,salaryman_outside_city,home,9738782080_centroid,symptomatic,recovered
718190,covid,196,student,home,5409248332_centroid,symptomatic,recovered
718935,covid,4624,salaryman,home,3844350021_centroid,exposed,asymptomatic
719025,covid,1203,university_student,home,7961519241_centroid,exposed,asymptomatic
719120,covid,3124,salaryman_outside_city,home,2660579487_centroid,exposed,asymptomatic
720255,covid,4526,salaryman,home,2598219047_centroid,asymptomatic,symptomatic
720785,covid,2770,salaryman_outside_city,home,7961286690_centroid,symptomatic,recovered
721310,covid,2606,salaryman_outside_city,road,9738782864,exposed,asymptomatic
722345,covid,3173,salaryman_outside_city,home,7961519290_centroid,symptomatic,severe
722440,covid,3157,salaryman_outside_city,home,2598219078_centroid,symptomatic,severe
726115,covid,2843,salaryman_outside_city,home,3844116898_centroid,symptomatic,recovered
726345,covid,2520,salaryman_outside_city,workplace,1475464726_centroid,asymptomatic,symptomatic
726995,covid,2723,salaryman_outside_city,workplace,1475464726_centroid,asymptomatic,symptomatic
727330,covid,3092,salaryman_outside_city,workplace,1475464726_centroid,exposed,asymptomatic
727985,covid,221,student,workplace,9621257593_centroid,exposed,asymptomatic
729080,covid,2144,medical_doctor,workplace,4834217545_centroid,exposed,asymptomatic
729520,covid,2144,medical_doctor,workplace,4834217545_centroid,asymptomatic,recovered
730290,covid,3117,salaryman_outside_city,workplace,1475464726_centroid,asymptomatic,recovered
730635,covid,234,student,home,5532522904_centroid,symptomatic,severe
731335,covid,1609,university_student,home,5379614048_centroid,asymptomatic,recovered
733090,covid,1949,university_student,workplace,3251662383_centroid,exposed,asymptomatic
735040,covid,2503,salaryman_outside_city,workplace,1475464726_centroid,asymptomatic,symptomatic
735055,covid,1855,university_student,home,2598219047_centroid,exposed,asymptomatic
735625,covid,1949,university_student,workplace,3251662383_centroid,asymptomatic,symptomatic
736650,covid,3165,salaryman_outside_city,workplace,1475464726_centroid,exposed,asymptomatic
737235,covid,2886,salaryman_outside_city,workplace,1475464726_centroid,exposed,asymptomatic
738050,covid,2981,salaryman_outside_city,workplace,1475464726_centroid,exposed,asymptomatic
738685,covid,2740,salaryman_outside_city,workplace,1475464726_centroid,exposed,asymptomatic
739510,covid,2517,salaryman_outside_city,workplace,1475464726_centroid,exposed,asymptomatic
740975,covid,3045,salaryman_outside_city,workplace,1475464726_centroid,asymptomatic,symptomatic
741485,covid,4786,restaurant_worker,home,2660577253_centroid,symptomatic,severe
741810,covid,1192,university_student,home,3514521014_centroid,symptomatic,recovered
741965,covid,2538,salaryman_outside_city,workplace,1475464726_centroid,asymptomatic,symptomatic
742260,covid,3157,salaryman_outside_city,hospital,7183789943_centroid,severe,recovered
742370,covid,3107,salaryman_outside_city,workplace,1475464726_centroid,exposed,asymptomatic
743290,covid,3138,salaryman_outside_city,hospital,7183789943_centroid,severe,recovered
743540,covid,2561,salaryman_outside_city,workplace,1475464726_centroid,asymptomatic,recovered
743870,covid,2557,salaryman_outside_city,workplace,1475464726_centroid,asymptomatic,symptomatic
743940,covid,3916,salaryman,home,2660577253_centroid,exposed,asymptomatic
744100,covid,3916,salaryman,home,2660577253_centroid,asymptomatic,symptomatic
744540,covid,2740,salaryman_outside_city,workplace,1475464726_centroid,asymptomatic,symptomatic
744560,covid,2889,salaryman_outside_city,workplace,1475464726_centroid,asymptomatic,symptomatic
745170,covid,3016,salaryman_outside_city,workplace,1475464726_centroid,exposed,asymptomatic
746225,covid,3063,salaryman_outside_city,home,5409247107_centroid,symptomatic,recovered
746365,covid,198,student,workplace,3251690908_centroid,asymptomatic,symptomatic
749055,covid,2474,salaryman_outside_city,workplace,1475464726_centroid,asymptomatic,symptomatic
749195,covid,3112,salaryman_outside_city,workplace,1475464726_centroid,asymptomatic,symptomatic
749240,covid,2509,salaryman_outside_city,workplace,1475464726_centroid,exposed,asymptomatic
752430,covid,2679,salaryman_outside_city,workplace,1475464726_centroid,asymptomatic,symptomatic
753470,covid,2649,salaryman_outside_city,home,2602579465_centroid,symptomatic,severe
753535,covid,2082,medical_doctor,hospital,4834217545_centroid,severe,recovered
754605,covid,2509,salaryman_outside_city,workplace,1475464726_centroid,asymptomatic,recovered
754715,covid,2794,salaryman_outside_city,workplace,1475464726_centroid,asymptomatic,symptomatic
754735,covid,2889,salaryman_outside_city,road,3853884135,symptomatic,recovered
754920,covid,3231,salaryman_outside_city,restaurant,9941564228_centroid,exposed,asymptomatic
755650,covid,2729,salaryman_outside_city,road,395338593,exposed,asymptomatic
755765,covid,1604,university_student,home,1573635327_centroid,asymptomatic,symptomatic
756510,covid,3124,salaryman_outside_city,restaurant,9771965678_centroid,asymptomatic,symptomatic
757495,covid,198,student,workplace,3251690908_centroid,symptomatic,severe
758545,covid,4977,scientist,home,1582921734_centroid,exposed,asymptomatic
759815,covid,201,student,home,7961519266_centroid,asymptomatic,symptomatic
760175,covid,1604,university_student,home,1573635327_centroid,symptomatic,recovered
760550,covid,2886,salaryman_outside_city,restaurant,5532524084_centroid,asymptomatic,symptomatic
760800,covid,2057,medical_doctor,home,7961519215_centroid,exposed,asymptomatic
760815,covid,3107,salaryman_outside_city,home,3389130351_centroid,asymptomatic,recovered
761710,covid,2805,salaryman_outside_city,home,7961519398_centroid,exposed,asymptomatic
761860,covid,3005,salaryman_outside_city,restaurant,10024546918_centroid,asymptomatic,recovered
762270,covid,1321,university_student,workplace,3133437220_centroid,asymptomatic,recovered
764710,covid,2795,salaryman_outside_city,home,1582706404_centroid,asymptomatic,symptomatic
766210,covid,2816,salaryman_outside_city,home,7961286714_centroid,asymptomatic,recovered
767625,covid,172,student,home,5598068040_centroid,exposed,asymptomatic
767680,covid,2586,salaryman_outside_city,home,10024546852_centroid,symptomatic,severe
767760,covid,2939,salaryman_outside_city,home,2601271345_centroid,exposed,asymptomatic
768035,covid,1855,university_student,workplace,3251662487_centroid,asymptomatic,symptomatic
769045,covid,3116,salaryman_outside_city,home,5409248073_centroid,exposed,asymptomatic
769560,covid,4945,scientist,home,10024546910_centroid,exposed,asymptomatic
769635,covid,341,student,home,2601271281_centroid,asymptomatic,symptomatic
773410,covid,3173,salaryman_outside_city,hospital,4834217552_centroid,severe,recovered
773800,covid,2518,salaryman_outside_city,home,5379617444_centroid,exposed,asymptomatic
773830,covid,2708,salaryman_outside_city,home,5409248376_centroid,asymptomatic,symptomatic
774090,covid,4845,restaurant_worker,home,10024546773_centroid,asymptomatic,recovered
775000,covid,2542,salaryman_outside_city,home,10024167345_centroid,exposed,asymptomatic
775575,covid,2795,salaryman_outside_city,home,1582706404_centroid,symptomatic,recovered
775695,covid,2798,salaryman_outside_city,home,7183789927_centroid,asymptomatic,symptomatic
776450,covid,3467,retailer,home,1572619536_centroid,asymptomatic,symptomatic
777105,covid,2578,salaryman_outside_city,home,2598218851_centroid,asymptomatic,recovered
777530,covid,3105,salaryman_outside_city,home,5598068094_centroid,symptomatic,recovered
778785,covid,2970,salaryman_outside_city,home,5438756787_centroid,symptomatic,recovered
779005,covid,2607,salaryman_outside_city,home,5276861208_centroid,symptomatic,severe
780630,covid,1755,university_student,home,2598219208_centroid,exposed,asymptomatic
780675,covid,2798,salaryman_outside_city,home,7183789927_centroid,symptomatic,severe
782010,covid,3197,salaryman_outside_city,home,5555654053_centroid,exposed,asymptomatic
783480,covid,2803,salaryman_outside_city,home,5273261029_centroid,asymptomatic,symptomatic
785660,covid,3231,salaryman_outside_city,home,2598218879_centroid,asymptomatic,symptomatic
786725,covid,2943,salaryman_outside_city,home,5385111968_centroid,exposed,asymptomatic
787570,covid,172,student,home,5598068040_centroid,asymptomatic,symptomatic
789640,covid,2057,medical_doctor,road,3853813413,asymptomatic,symptomatic
789810,covid,4966,scientist,home,5415836926_centroid,exposed,asymptomatic
789930,covid,2829,salaryman_outside_city,home,2598218893_centroid,asymptomatic,symptomatic
790775,covid,3006,salaryman_outside_city,hospital,9627983158_centroid,severe,recovered
792210,covid,2794,salaryman_outside_city,home,2602579203_centroid,symptomatic,severe
792550,covid,2161,teacher,home,5525081307_centroid,asymptomatic,symptomatic
792700,covid,2792,salaryman_outside_city,home,7706898857_centroid,exposed,asymptomatic
793355,covid,3123,salaryman_outside_city,home,9738782956_centroid,exposed,asymptomatic
794430,covid,2825,salaryman_outside_city,home,6161063353_centroid,exposed,asymptomatic
795685,covid,3199,salaryman_outside_city,home,5409248382_centroid,asymptomatic,symptomatic
798245,covid,3169,salaryman_outside_city,home,5438757127_centroid,asymptomatic,symptomatic
799695,covid,2954,salaryman_outside_city,home,6161063288_centroid,asymptomatic,symptomatic
800390,covid,2591,salaryman_outside_city,home,5555654073_centroid,exposed,asymptomatic
800680,covid,2511,salaryman_outside_city,home,1582706247_centroid,symptomatic,severe
801025,covid,66,student,home,5409248376_centroid,exposed,asymptomatic
802580,covid,3201,salaryman_outside_city,home,5555654359_centroid,asymptomatic,symptomatic
803570,covid,4931,scientist,home,5598068226_centroid,exposed,asymptomatic
803705,covid,169,student,home,3389130803_centroid,exposed,asymptomatic
803755,covid,2160,teacher,home,1573619975_centroid,exposed,asymptomatic
803895,covid,4134,salaryman,home,4801751282_centroid,symptomatic,severe
804570,covid,4320,salaryman,home,2602579696_centroid,exposed,asymptomatic
805165,covid,3093,salaryman_outside_city,road,1287730712,exposed,asymptomatic
805325,covid,2485,salaryman_outside_city,home,1582706242_centroid,exposed,asymptomatic
805395,covid,3169,salaryman_outside_city,home,5438757127_centroid,symptomatic,severe
807130,covid,2528,salaryman_outside_city,home,4262901866_centroid,asymptomatic,recovered
807885,covid,2450,salaryman_outside_city,workplace,1475464726_centroid,exposed,asymptomatic
808280,covid,2981,salaryman_outside_city,home,5598067896_centroid,asymptomatic,recovered
808585,covid,2825,salaryman_outside_city,home,6161063353_centroid,asymptomatic,symptomatic
808705,covid,2846,salaryman_outside_city,home,2660579487_centroid,symptomatic,severe
809335,covid,3093,salaryman_outside_city,workplace,1475464726_centroid,asymptomatic,symptomatic
809515,covid,3040,salaryman_outside_city,home,5409247079_centroid,symptomatic,recovered
809990,covid,2681,salaryman_outside_city,home,2601271453_centroid,exposed,asymptomatic
810495,covid,2877,salaryman_outside_city,road,10013187749_centroid_entry,exposed,asymptomatic
811320,covid,3126,salaryman_outside_city,home,2985100833_centroid,exposed,asymptomatic
811400,covid,2681,salaryman_outside_city,road,6078118275,asymptomatic,symptomatic
811765,covid,2829,salaryman_outside_city,home,2598218893_centroid,symptomatic,recovered
813730,covid,2626,salaryman_outside_city,home,2598219047_centroid,symptomatic,recovered
816190,covid,2639,salaryman_outside_city,workplace,1475464726_centroid,asymptomatic,recovered
816265,covid,2659,salaryman_outside_city,workplace,1475464726_centroid,asymptomatic,recovered
816325,covid,349,student,workplace,7022689261_centroid,exposed,asymptomatic
818030,covid,1949,university_student,home,5680624509_centroid,symptomatic,recovered
818275,covid,2538,salaryman_outside_city,home,2601271277_centroid,symptomatic,severe
820535,covid,4207,salaryman,workplace,9738163425_centroid,exposed,asymptomatic
821720,covid,1813,university_student,workplace,5285304716_centroid,exposed,asymptomatic
823035,covid,2510,salaryman_outside_city,workplace,1475464726_centroid,exposed,asymptomatic
823720,covid,2861,salaryman_outside_city,workplace,1475464726_centroid,exposed,asymptomatic
823965,covid,2917,salaryman_outside_city,workplace,1475464726_centroid,asymptomatic,symptomatic
824895,covid,2800,salaryman_outside_city,workplace,1475464726_centroid,exposed,asymptomatic
825050,covid,2898,salaryman_outside_city,home,5385111857_centroid,symptomatic,severe
825445,covid,1890,university_student,workplace,3251662537_centroid,exposed,asymptomatic
827605,covid,1638,university_student,home,5285312140_centroid,exposed,asymptomatic
827645,covid,3079,salaryman_outside_city,workplace,1475464726_centroid,exposed,asymptomatic
828820,covid,3706,salaryman,home,7961286690_centroid,symptomatic,severe
829090,covid,3133,salaryman_outside_city,home,1573909770_centroid,symptomatic,recovered
829745,covid,3116,salaryman_outside_city,workplace,1475464726_centroid,asymptomatic,symptomatic
829900,covid,2510,salaryman_outside_city,workplace,1475464726_centroid,asymptomatic,symptomatic
830795,covid,3126,salaryman_outside_city,workplace,1475464726_centroid,asymptomatic,symptomatic
831355,covid,2485,salaryman_outside_city,workplace,1475464726_centroid,asymptomatic,symptomatic
831745,covid,3149,salaryman_outside_city,hospital,1575489985_centroid,severe,recovered
831985,covid,3195,salaryman_outside_city,workplace,1475464726_centroid,asymptomatic,symptomatic
832380,covid,3058,salaryman_outside_city,workplace,1475464726_centroid,exposed,asymptomatic
832425,covid,2716,salaryman_outside_city,hospital,9820206585_centroid,severe,recovered
833350,covid,2543,salaryman_outside_city,workplace,1475464726_centroid,exposed,asymptomatic
833575,covid,2830,salaryman_outside_city,workplace,1475464726_centroid,exposed,asymptomatic
833670,covid,2766,salaryman_outside_city,hospital,9811757176_centroid,severe,recovered
833920,covid,2805,salaryman_outside_city,workplace,1475464726_centroid,asymptomatic,recovered
836570,covid,2809,salaryman_outside_city,workplace,1475464726_centroid,exposed,asymptomatic
837755,covid,2606,salaryman_outside_city,workplace,1475464726_centroid,asymptomatic,symptomatic
838105,covid,2870,salaryman_outside_city,workplace,1475464726_centroid,asymptomatic,symptomatic
838210,covid,2543,salaryman_outside_city,workplace,1475464726_centroid,asymptomatic,symptomatic
840490,covid,2661,salaryman_outside_city,workplace,1475464726_centroid,exposed,asymptomatic
841360,covid,2505,salaryman_outside_city,workplace,1475464726_centroid,asymptomatic,symptomatic
841530,covid,3159,salaryman_outside_city,home,5409248099_centroid,symptomatic,recovered
841970,covid,3092,salaryman_outside_city,road,3853884135,asymptomatic,symptomatic
842965,covid,3165,salaryman_outside_city,home,2602579878_centroid,asymptomatic,recovered
843190,covid,3023,salaryman_outside_city,home,5598068532_centroid,symptomatic,severe
844015,covid,2657,salaryman_outside_city,restaurant,9811016375_centroid,exposed,asymptomatic
844440,covid,3054,salaryman_outside_city,home,5532524088_centroid,symptomatic,severe
844885,covid,3092,salaryman_outside_city,home,3803522786_centroid,symptomatic,recovered
846720,covid,2999,salaryman_outside_city,workplace,1475464726_centroid,exposed,asymptomatic
847205,covid,1755,university_student,home,2598219208_centroid,asymptomatic,symptomatic
847270,covid,332,student,home,3389130654_centroid,exposed,asymptomatic
848045,covid,2730,salaryman_outside_city,workplace,1475464726_centroid,exposed,asymptomatic
848485,covid,2583,salaryman_outside_city,home,5436829822_centroid,exposed,asymptomatic
848945,covid,2939,salaryman_outside_city,home,2601271345_centroid,asymptomatic,symptomatic
849055,covid,2842,salaryman_outside_city,home,10024546773_centroid,symptomatic,recovered
850400,covid,3188,salaryman_outside_city,home,5409248105_centroid,exposed,asymptomatic
850600,covid,4672,salaryman,home,3803369238_centroid,symptomatic,recovered
850650,covid,349,student,home,5532524146_centroid,asymptomatic,symptomatic
851165,covid,3009,salaryman_outside_city,home,10013187945_centroid,exposed,asymptomatic
852425,covid,2988,salaryman_outside_city,home,3389130654_centroid,exposed,asymptomatic
852505,covid,3199,salaryman_outside_city,home,5409248382_centroid,symptomatic,recovered
853445,covid,3079,salaryman_outside_city,home,5276861148_centroid,asymptomatic,symptomatic
854685,covid,4977,scientist,home,1582921734_centroid,asymptomatic,recovered
854960,covid,2996,salaryman_outside_city,home,2602579510_centroid,exposed,asymptomatic
855660,covid,378,student,home,5911788371_centroid,exposed,asymptomatic
856400,covid,2584,salaryman_outside_city,home,7961519262_centroid,exposed,asymptomatic
857640,covid,2792,salaryman_outside_city,home,7706898857_centroid,asymptomatic,symptomatic
858110,covid,2496,salaryman_outside_city,home,2598219121_centroid,exposed,asymptomatic
858135,covid,2867,salaryman_outside_city,home,3901330699_centroid,symptomatic,recovered
858560,covid,2729,salaryman_outside_city,home,7961280462_centroid,asymptomatic,symptomatic
858625,covid,2819,salaryman_outside_city,home,5409248055_centroid,asymptomatic,symptomatic
858880,covid,2781,salaryman_outside_city,home,10024546910_centroid,symptomatic,severe
859705,covid,2965,salaryman_outside_city,home,9941564295_centroid,asymptomatic,symptomatic
860390,covid,3043,salaryman_outside_city,home,3901330674_centroid,exposed,asymptomatic
860675,covid,2741,salaryman_outside_city,home,10013187941_centroid,exposed,asymptomatic
861565,covid,3241,salaryman_outside_city,home,9941564428_centroid,symptomatic,recovered
